{"cameraMode":{"drawMode":0,"name":"Shaded","section":"Shading Mode"},"sceneLighting":true,"audioPlay":false,"sceneViewState":{"showFog":true,"showMaterialUpdate":false,"showSkybox":true,"showFlares":true,"showImageEffects":true,"showParticleSystems":true},"in2DMode":false,"pivot":{"x":15.693843841552735,"y":1.6703132390975953,"z":55.96562957763672},"rotation":{"x":0.28226178884506228,"y":-0.046600814908742908,"z":0.013730054721236229,"w":0.9581124186515808},"size":16.200698852539064,"orthographic":true}